,sample,from_ref,from_bkp,from_strand,from_start,from_end,from_seq,to_ref,to_bkp,to_strand,to_start,to_end,to_seq
0,SAMEA728570,MGYG000001378_5,162045,False,162025,162065,CTCAATCTCAGGAAGCTCTTTTTCATCGGGAGTCTCTTTT,MGYG000001977_266,3142,False,3122,3162,GCCATACAATGAGTGCTTACTCATCATCCGAAGGGATGAA
1,SAMEA728570,MGYG000001977_266,412,False,392,432,CATACAATGAGTGCTTACGTTTCAACGTCAAAAACACTTT,MGYG000001378_5,162045,False,162025,162065,AAAGAGACTCCCGATGAAAAAGAGCTTCCTGAGATTGAGA
2,SAMEA728582,MGYG000000187_56,12574,False,12554,12594,AACTGTTGGCATACTAACCCCATCAAACCAACGATATACA,MGYG000000139_1,530121,False,530101,530141,ACTGCTTGACACAAGAGGGTTTTGATGTGCCGGAACTTGA
3,SAMEA728582,MGYG000000139_1,505626,False,505606,505646,GTCACTATTATATCTCAATCCCCAGTCAGCCACATATCTA,MGYG000000187_56,12574,False,12554,12594,GTATATCGTTGGTTTGATGGGGTTAGTATGCCAACAGTTG
4,SAMEA728594,MGYG000003937_81,2837,True,2817,2857,AGCTTGGGTGTAAGAATGAATTTAGGAGGTAACCTCTTAT,MGYG000002274_14,48706,True,48686,48726,ATACTACTATTTTATTATACGAGGTGGTCTCCCTGCTTGC
5,SAMEA728594,MGYG000002274_14,47046,True,47026,47066,TAATAGTTAGTCTCCTAAATAAAAAGCTGATAGGTTAGCA,MGYG000003937_81,2837,True,2817,2857,TAAGAGGTTACCTCCTAAATTCATTCTTACACCCAAGCTC
6,SAMEA728594,MGYG000002082_19,30149,False,30129,30169,CCGCGGCGTCAAGGAGTTCAAGGATGCCATGAACACGGAC,MGYG000001415_2,837756,False,837736,837776,TTCGTATGTTCTTACAGCCGTATTGTCCGCCTTGTCGGCC
7,SAMEA728594,MGYG000001415_2,789227,False,789207,789247,AGGTTGTCTGCGGAGAGAGAGGGTCTCTTTCCCGTCTGCG,MGYG000002082_19,30149,False,30129,30169,TCCGTGTTCATGGCATCCTTGAACTCCTTGACGCCGCGGC
8,SAMEA728614,MGYG000001302.1_2,438933,False,438913,438953,CGTAAAATTCGAATCAATATATTTTAATCATAGAATCCGC,MGYG000004658_56,13037,False,13017,13057,AACTGATTTATTAAAATATACAAACCGAATATCGGCCCGC
9,SAMEA728614,MGYG000004658_56,1464,False,1444,1484,GCTAATCCGCTGAAAGTTTATTTTAATAGACCGAAAATAA,MGYG000001302.1_2,438933,False,438913,438953,CGGATTCTATGATTAAAATATATTGATTCGAATTTTACGC
10,SAMEA728614,MGYG000002609_11,93053,True,93033,93073,TACCCCCTTCCGTATGCAGTATCATAGAATGTTCCATCGC,MGYG000004369_9,63660,True,63640,63680,ATTTACGCAACAGCCTCCTCGCAGATCTTCACCTCGTTAA
11,SAMEA728614,MGYG000004369_9,5358,True,5338,5378,ATTAGACACGGCAACAGATATATCTGTTGGGTCAGGTCAT,MGYG000002609_11,93053,True,93033,93073,CGATGGAACATTCTATGATACTGCATACGGAAGGGGGTAC
12,SAMEA728617,MGYG000001433_2,1053323,False,1053303,1053343,AGTCTTATCTTTGCTCCGGAAGAATAAAATCATAAACCTA,MGYG000000224_3,397572,False,397552,397592,AGGGTGCTGACCTACCCGACCCCGACCTTTCGGAAATCGC
13,SAMEA728617,MGYG000000224_3,395160,False,395140,395180,TAACTTTCCACGTCACACAAACTTGTAGTCATAACAATAG,MGYG000001433_2,1053323,False,1053303,1053343,AGGTTTATGATTTTATTCTTCCGGAGCAAAGATAAGACTA
14,SAMEA728622,MGYG000002478_1,944601,True,944581,944621,TCAAATCTTCATTATCTTTGAGGCATAAAACAATAAGATT,MGYG000000105_5,437259,True,437239,437279,GTTTTTTATCCTTATCTTTGCCAAATAAAATAAACTGGAA
15,SAMEA728622,MGYG000000105_5,429788,True,429768,429808,TACATTAAAGTTTCTTATCCTAGAGCAAAGATAGTGGTTT,MGYG000002478_1,944601,True,944581,944621,ATCTTATTGTTTTATGCCTCAAAGATAATGAAGATTTGAG
16,SAMEA728627,MGYG000002530_1,1925510,False,1925490,1925530,CGAAAAATCAAGAGCCTTGAAACATATGCAAAAATGTCAC,MGYG000002954_11,78068,False,78048,78088,GTTTTGCGTGGCAGACAACATATATTCACACGATAACCGT
17,SAMEA728627,MGYG000002954_11,48812,False,48792,48832,TCTGCTTGTCAAATAACATTTATCATAAGCACAAGCGAAT,MGYG000002530_1,1925510,False,1925490,1925530,TGACATTTTTGCATATGTTTCAAGGCTCTTGATTTTTCGC
